{
	"bg1": {
		"frame": {
			"x": 0,
			"y": 0,
			"width": 320,
			"height": 184
		},
		"sourceSize": {
			"width": 320,
			"height": 184
		},
		"rotated": false
	},
	"bg2": {
		"frame": {
			"x": 0,
			"y": 186,
			"width": 320,
			"height": 184
		},
		"sourceSize": {
			"width": 320,
			"height": 184
		},
		"rotated": false
	},
	"bg3": {
		"frame": {
			"x": 0,
			"y": 372,
			"width": 320,
			"height": 184
		},
		"sourceSize": {
			"width": 320,
			"height": 184
		},
		"rotated": false
	},
	"bg_cloud_A": {
		"frame": {
			"x": 322,
			"y": 28,
			"width": 47,
			"height": 26
		},
		"sourceSize": {
			"width": 47,
			"height": 26
		},
		"rotated": false
	},
	"bg_cloud_B": {
		"frame": {
			"x": 340,
			"y": 438,
			"width": 18,
			"height": 6
		},
		"sourceSize": {
			"width": 18,
			"height": 6
		},
		"rotated": false
	},
	"bg_cloud_C": {
		"frame": {
			"x": 322,
			"y": 56,
			"width": 42,
			"height": 19
		},
		"sourceSize": {
			"width": 42,
			"height": 19
		},
		"rotated": false
	},
	"bg_cloud_D": {
		"frame": {
			"x": 322,
			"y": 77,
			"width": 44,
			"height": 17
		},
		"sourceSize": {
			"width": 44,
			"height": 17
		},
		"rotated": false
	},
	"bg_cloud_E": {
		"frame": {
			"x": 322,
			"y": 0,
			"width": 64,
			"height": 26
		},
		"sourceSize": {
			"width": 64,
			"height": 26
		},
		"rotated": false
	},
	"midground_center": {
		"frame": {
			"x": 322,
			"y": 420,
			"width": 16,
			"height": 16
		},
		"sourceSize": {
			"width": 16,
			"height": 16
		},
		"rotated": false
	},
	"midground_center_shadowed": {
		"frame": {
			"x": 358,
			"y": 402,
			"width": 16,
			"height": 16
		},
		"sourceSize": {
			"width": 16,
			"height": 16
		},
		"rotated": false
	},
	"midground_left_A": {
		"frame": {
			"x": 322,
			"y": 150,
			"width": 32,
			"height": 16
		},
		"sourceSize": {
			"width": 32,
			"height": 16
		},
		"rotated": false
	},
	"midground_left_A_shadowed": {
		"frame": {
			"x": 322,
			"y": 168,
			"width": 32,
			"height": 16
		},
		"sourceSize": {
			"width": 32,
			"height": 16
		},
		"rotated": false
	},
	"midground_left_B": {
		"frame": {
			"x": 366,
			"y": 56,
			"width": 16,
			"height": 16
		},
		"sourceSize": {
			"width": 16,
			"height": 16
		},
		"rotated": false
	},
	"midground_left_B_shadowed": {
		"frame": {
			"x": 368,
			"y": 77,
			"width": 16,
			"height": 16
		},
		"sourceSize": {
			"width": 16,
			"height": 16
		},
		"rotated": false
	},
	"midground_left_C": {
		"frame": {
			"x": 322,
			"y": 222,
			"width": 32,
			"height": 16
		},
		"sourceSize": {
			"width": 32,
			"height": 16
		},
		"rotated": false
	},
	"midground_left_C_shadowed": {
		"frame": {
			"x": 322,
			"y": 240,
			"width": 32,
			"height": 16
		},
		"sourceSize": {
			"width": 32,
			"height": 16
		},
		"rotated": false
	},
	"midground_right_A": {
		"frame": {
			"x": 322,
			"y": 114,
			"width": 32,
			"height": 16
		},
		"sourceSize": {
			"width": 32,
			"height": 16
		},
		"rotated": false
	},
	"midground_right_A_shadowed": {
		"frame": {
			"x": 322,
			"y": 132,
			"width": 32,
			"height": 16
		},
		"sourceSize": {
			"width": 32,
			"height": 16
		},
		"rotated": false
	},
	"midground_right_B": {
		"frame": {
			"x": 356,
			"y": 164,
			"width": 16,
			"height": 16
		},
		"sourceSize": {
			"width": 16,
			"height": 16
		},
		"rotated": false
	},
	"midground_right_B_shadowed": {
		"frame": {
			"x": 356,
			"y": 182,
			"width": 16,
			"height": 16
		},
		"sourceSize": {
			"width": 16,
			"height": 16
		},
		"rotated": false
	},
	"midground_right_C": {
		"frame": {
			"x": 322,
			"y": 186,
			"width": 32,
			"height": 16
		},
		"sourceSize": {
			"width": 32,
			"height": 16
		},
		"rotated": false
	},
	"midground_right_C_shadowed": {
		"frame": {
			"x": 322,
			"y": 204,
			"width": 32,
			"height": 16
		},
		"sourceSize": {
			"width": 32,
			"height": 16
		},
		"rotated": false
	},
	"terrain_bottom_center": {
		"frame": {
			"x": 356,
			"y": 200,
			"width": 16,
			"height": 16
		},
		"sourceSize": {
			"width": 16,
			"height": 16
		},
		"rotated": false
	},
	"terrain_bottom_left": {
		"frame": {
			"x": 322,
			"y": 258,
			"width": 16,
			"height": 16
		},
		"sourceSize": {
			"width": 16,
			"height": 16
		},
		"rotated": false
	},
	"terrain_bottom_right": {
		"frame": {
			"x": 356,
			"y": 218,
			"width": 16,
			"height": 16
		},
		"sourceSize": {
			"width": 16,
			"height": 16
		},
		"rotated": false
	},
	"terrain_center": {
		"frame": {
			"x": 322,
			"y": 276,
			"width": 16,
			"height": 16
		},
		"sourceSize": {
			"width": 16,
			"height": 16
		},
		"rotated": false
	},
	"terrain_center_left": {
		"frame": {
			"x": 340,
			"y": 258,
			"width": 16,
			"height": 16
		},
		"sourceSize": {
			"width": 16,
			"height": 16
		},
		"rotated": false
	},
	"terrain_center_right": {
		"frame": {
			"x": 356,
			"y": 236,
			"width": 16,
			"height": 16
		},
		"sourceSize": {
			"width": 16,
			"height": 16
		},
		"rotated": false
	},
	"terrain_corner_inner_bottom_left": {
		"frame": {
			"x": 322,
			"y": 294,
			"width": 16,
			"height": 16
		},
		"sourceSize": {
			"width": 16,
			"height": 16
		},
		"rotated": false
	},
	"terrain_corner_inner_bottom_right": {
		"frame": {
			"x": 340,
			"y": 276,
			"width": 16,
			"height": 16
		},
		"sourceSize": {
			"width": 16,
			"height": 16
		},
		"rotated": false
	},
	"terrain_corner_inner_top_left": {
		"frame": {
			"x": 358,
			"y": 258,
			"width": 16,
			"height": 16
		},
		"sourceSize": {
			"width": 16,
			"height": 16
		},
		"rotated": false
	},
	"terrain_corner_inner_top_right": {
		"frame": {
			"x": 322,
			"y": 312,
			"width": 16,
			"height": 16
		},
		"sourceSize": {
			"width": 16,
			"height": 16
		},
		"rotated": false
	},
	"terrain_fill_bottom_center": {
		"frame": {
			"x": 340,
			"y": 294,
			"width": 16,
			"height": 16
		},
		"sourceSize": {
			"width": 16,
			"height": 16
		},
		"rotated": false
	},
	"terrain_fill_bottom_left": {
		"frame": {
			"x": 358,
			"y": 276,
			"width": 16,
			"height": 16
		},
		"sourceSize": {
			"width": 16,
			"height": 16
		},
		"rotated": false
	},
	"terrain_fill_bottom_right": {
		"frame": {
			"x": 322,
			"y": 330,
			"width": 16,
			"height": 16
		},
		"sourceSize": {
			"width": 16,
			"height": 16
		},
		"rotated": false
	},
	"terrain_fill_center_center": {
		"frame": {
			"x": 340,
			"y": 312,
			"width": 16,
			"height": 16
		},
		"sourceSize": {
			"width": 16,
			"height": 16
		},
		"rotated": false
	},
	"terrain_fill_center_left": {
		"frame": {
			"x": 358,
			"y": 294,
			"width": 16,
			"height": 16
		},
		"sourceSize": {
			"width": 16,
			"height": 16
		},
		"rotated": false
	},
	"terrain_fill_center_right": {
		"frame": {
			"x": 340,
			"y": 330,
			"width": 16,
			"height": 16
		},
		"sourceSize": {
			"width": 16,
			"height": 16
		},
		"rotated": false
	},
	"terrain_fill_corner_bottom_left": {
		"frame": {
			"x": 322,
			"y": 348,
			"width": 16,
			"height": 16
		},
		"sourceSize": {
			"width": 16,
			"height": 16
		},
		"rotated": false
	},
	"terrain_fill_corner_bottom_right": {
		"frame": {
			"x": 358,
			"y": 312,
			"width": 16,
			"height": 16
		},
		"sourceSize": {
			"width": 16,
			"height": 16
		},
		"rotated": false
	},
	"terrain_fill_corner_top_left": {
		"frame": {
			"x": 340,
			"y": 348,
			"width": 16,
			"height": 16
		},
		"sourceSize": {
			"width": 16,
			"height": 16
		},
		"rotated": false
	},
	"terrain_fill_corner_top_right": {
		"frame": {
			"x": 358,
			"y": 330,
			"width": 16,
			"height": 16
		},
		"sourceSize": {
			"width": 16,
			"height": 16
		},
		"rotated": false
	},
	"terrain_fill_hole_A": {
		"frame": {
			"x": 322,
			"y": 366,
			"width": 16,
			"height": 16
		},
		"sourceSize": {
			"width": 16,
			"height": 16
		},
		"rotated": false
	},
	"terrain_fill_hole_B": {
		"frame": {
			"x": 322,
			"y": 96,
			"width": 32,
			"height": 16
		},
		"sourceSize": {
			"width": 32,
			"height": 16
		},
		"rotated": false
	},
	"terrain_fill_top_center": {
		"frame": {
			"x": 358,
			"y": 348,
			"width": 16,
			"height": 16
		},
		"sourceSize": {
			"width": 16,
			"height": 16
		},
		"rotated": false
	},
	"terrain_fill_top_left": {
		"frame": {
			"x": 340,
			"y": 366,
			"width": 16,
			"height": 16
		},
		"sourceSize": {
			"width": 16,
			"height": 16
		},
		"rotated": false
	},
	"terrain_fill_top_right": {
		"frame": {
			"x": 322,
			"y": 384,
			"width": 16,
			"height": 16
		},
		"sourceSize": {
			"width": 16,
			"height": 16
		},
		"rotated": false
	},
	"terrain_platform_center": {
		"frame": {
			"x": 358,
			"y": 366,
			"width": 16,
			"height": 16
		},
		"sourceSize": {
			"width": 16,
			"height": 16
		},
		"rotated": false
	},
	"terrain_platform_left": {
		"frame": {
			"x": 340,
			"y": 384,
			"width": 16,
			"height": 16
		},
		"sourceSize": {
			"width": 16,
			"height": 16
		},
		"rotated": false
	},
	"terrain_platform_right": {
		"frame": {
			"x": 322,
			"y": 402,
			"width": 16,
			"height": 16
		},
		"sourceSize": {
			"width": 16,
			"height": 16
		},
		"rotated": false
	},
	"terrain_slope_ceiling_A": {
		"frame": {
			"x": 358,
			"y": 384,
			"width": 16,
			"height": 16
		},
		"sourceSize": {
			"width": 16,
			"height": 16
		},
		"rotated": false
	},
	"terrain_slope_ceiling_B": {
		"frame": {
			"x": 340,
			"y": 402,
			"width": 16,
			"height": 16
		},
		"sourceSize": {
			"width": 16,
			"height": 16
		},
		"rotated": false
	},
	"terrain_slope_floor_A": {
		"frame": {
			"x": 356,
			"y": 96,
			"width": 16,
			"height": 32
		},
		"sourceSize": {
			"width": 16,
			"height": 32
		},
		"rotated": false
	},
	"terrain_slope_floor_B": {
		"frame": {
			"x": 356,
			"y": 130,
			"width": 16,
			"height": 32
		},
		"sourceSize": {
			"width": 16,
			"height": 32
		},
		"rotated": false
	},
	"terrain_top_center": {
		"frame": {
			"x": 340,
			"y": 420,
			"width": 16,
			"height": 16
		},
		"sourceSize": {
			"width": 16,
			"height": 16
		},
		"rotated": false
	},
	"terrain_top_left": {
		"frame": {
			"x": 322,
			"y": 438,
			"width": 16,
			"height": 16
		},
		"sourceSize": {
			"width": 16,
			"height": 16
		},
		"rotated": false
	},
	"terrain_top_right": {
		"frame": {
			"x": 358,
			"y": 420,
			"width": 16,
			"height": 16
		},
		"sourceSize": {
			"width": 16,
			"height": 16
		},
		"rotated": false
	}
}